{
    "humidity": 51.400001525878906,
    "temperature": {
        "c": 22.399999618530273,
        "f": 72.31999931335449
    },
    "timestamp": "2019-09-21T01:19:26Z"
}
